{"best/epoch": 3, "metrics/recall": 0.14489054322756814, "_step": 3, "_runtime": 45406, "best/recall": 0.14489054322756814, "train/obj_loss": 0.036868758499622345, "val/obj_loss": 0.07751884311437607, "train/cls_loss": 0.0088656609877944, "x/lr2": 0.009901, "Mosaics": {"captions": ["train_batch0.jpg", "train_batch1.jpg", "train_batch2.jpg"], "count": 3, "filenames": ["media/images/Mosaics_0_3edbcb77e9b0d13beaa6.jpg", "media/images/Mosaics_0_e9b72acd2c46ff16ca8f.jpg", "media/images/Mosaics_0_2b67ac652dc811264279.jpg"], "format": "jpg", "_type": "images/separated", "height": 1920, "width": 1920}, "val/box_loss": 0.06309375911951065, "val/cls_loss": 0.027009524405002594, "best/precision": 0.9805314431894789, "best/mAP_0.5": 0.2566376143584764, "train/box_loss": 0.04469641298055649, "Labels": {"_type": "images/separated", "width": 2000, "height": 2000, "format": "jpg", "count": 2, "filenames": ["media/images/Labels_3_d1baa4a0073f58f32ef2.jpg", "media/images/Labels_3_6cb0ea475102614efa49.jpg"], "captions": ["labels_correlogram.jpg", "labels.jpg"]}, "x/lr1": 0.009901, "metrics/mAP_0.5": 0.2566376143584764, "x/lr0": 0.009901, "_timestamp": 1655994371, "best/mAP_0.5:0.95": 0.09838359968677443, "metrics/precision": 0.9805314431894789, "metrics/mAP_0.5:0.95": 0.09838359968677443}