{"metrics/mAP_0.5": 0.15312676851401347, "best/mAP_0.5:0.95": 0.12029783871129462, "train/box_loss": 0.03692244365811348, "x/lr0": 0.009835, "x/lr2": 0.009835, "best/precision": 0.9638271225859137, "metrics/precision": 0.9614275651438602, "Mosaics": {"_type": "images/separated", "format": "jpg", "height": 1920, "width": 1920, "captions": ["train_batch0.jpg", "train_batch1.jpg", "train_batch2.jpg"], "count": 3, "filenames": ["media/images/Mosaics_0_3edbcb77e9b0d13beaa6.jpg", "media/images/Mosaics_0_e9b72acd2c46ff16ca8f.jpg", "media/images/Mosaics_0_2b67ac652dc811264279.jpg"]}, "metrics/mAP_0.5:0.95": 0.0739530398894134, "best/recall": 0.15089285714285713, "val/cls_loss": 0.037494659423828125, "train/cls_loss": 0.00593831529840827, "_timestamp": 1656086420, "train/obj_loss": 0.03387320786714554, "best/epoch": 4, "x/lr1": 0.009835, "val/box_loss": 0.06132473796606064, "_step": 6, "_runtime": 80301, "best/mAP_0.5": 0.2638920145838023, "val/obj_loss": 0.10568143427371979, "Labels": {"_type": "images/separated", "width": 2000, "height": 2000, "format": "jpg", "count": 2, "filenames": ["media/images/Labels_4_d1baa4a0073f58f32ef2.jpg", "media/images/Labels_4_6cb0ea475102614efa49.jpg"], "captions": ["labels_correlogram.jpg", "labels.jpg"]}, "metrics/recall": 0.14012456137777102}