{"best/epoch": 38, "best/precision": 0.8033016761807279, "best/recall": 0.7855418900409361, "best/mAP_0.5": 0.839425, "best/mAP_0.5:0.95": 0.5288399775948297, "Labels": {"_type": "images/separated", "width": 2000, "height": 2000, "format": "jpg", "count": 2, "filenames": ["media/images/Labels_0_c19af33fc244e8d0a5c0.jpg", "media/images/Labels_0_a3cb653386f5f4632c58.jpg"], "captions": ["labels_correlogram.jpg", "labels.jpg"]}, "train/box_loss": 0.05998452752828598, "train/obj_loss": 0.015383034013211727, "train/cls_loss": 0.0022598716896027327, "metrics/precision": 0.804032086920391, "metrics/recall": 0.7846877106788788, "metrics/mAP_0.5": 0.839425, "metrics/mAP_0.5:0.95": 0.5288207209505436, "val/box_loss": 0.035044193267822266, "val/obj_loss": 0.01081496849656105, "val/cls_loss": 0.003104254836216569, "x/lr0": 0.0004960000000000005, "x/lr1": 0.0004960000000000005, "x/lr2": 0.0004960000000000005, "_timestamp": 1655906958, "_runtime": 2568, "_step": 50, "Mosaics": {"_type": "images/separated", "width": 1920, "height": 1920, "format": "jpg", "count": 3, "filenames": ["media/images/Mosaics_1_796d994adc2e2e9c9f14.jpg", "media/images/Mosaics_1_8a35b7f8fd90094ccf11.jpg", "media/images/Mosaics_1_20a822e8248190ea5ca8.jpg"], "captions": ["train_batch0.jpg", "train_batch1.jpg", "train_batch2.jpg"]}, "BoundingBoxDebugger": {"_type": "images/separated", "width": 672, "height": 672, "format": "png", "count": 10, "filenames": ["media/images/BoundingBoxDebugger_49_2392499cee9c09421304.png", "media/images/BoundingBoxDebugger_49_905810ade4586e9632b1.png", "media/images/BoundingBoxDebugger_49_6e0b5b624899c24f9b08.png", "media/images/BoundingBoxDebugger_49_c970173158c01d57a14b.png", "media/images/BoundingBoxDebugger_49_49ef8e4b11f7b2b7580a.png", "media/images/BoundingBoxDebugger_49_90606de3a81ce152af47.png", "media/images/BoundingBoxDebugger_49_ef9ac87dd020afc9d1a9.png", "media/images/BoundingBoxDebugger_49_677df45fb32debce009e.png", "media/images/BoundingBoxDebugger_49_dbc325631fc973e47b5d.png", "media/images/BoundingBoxDebugger_49_f9b4a43490988e0c632a.png"], "captions": ["19_crane_{c6921034-6681-46d4-adf5-0c737be7bad6}.jpg", "19_crane_{c9ad8852-0b13-4f31-8d51-a9f491f667e8}.jpg", "19_crane_{cd72dbd1-a7e0-44e5-8ccc-4e8f5ad649cf}.jpg", "19_crane_{cd8da71a-8864-42ae-bbe8-39ebea632683}.jpg", "4_person_2007_002611.jpg", "4_person_2007_002624.jpg", "4_person_2007_002639.jpg", "4_person_2007_002643.jpg", "4_person_2007_002668.jpg", "19_crane_{cac9607b-61ca-480c-b461-689393c66817}.jpg"], "all_boxes": [{"predictions": {"_type": "boxes2D", "sha256": "7f5d2c12fdada27b4d5b3445c2ccdca1adba6539551b9fb13190191f7c12b613", "size": 25304, "path": "media/metadata/boxes2D/BoundingBoxDebugger_49_7f5d2c12fdada27b4d5b.boxes2D.json"}}, {"predictions": {"_type": "boxes2D", "sha256": "9a0a920d231511d42e5727d67cf2f30c4456d071b6f6cc1f112a518e906f7037", "size": 12258, "path": "media/metadata/boxes2D/BoundingBoxDebugger_49_9a0a920d231511d42e57.boxes2D.json"}}, {"predictions": {"_type": "boxes2D", "sha256": "9abcdbc25873d7a3025e8f3b62fa90a521548578107367ab23686ae666b65634", "size": 34351, "path": "media/metadata/boxes2D/BoundingBoxDebugger_49_9abcdbc25873d7a3025e.boxes2D.json"}}, {"predictions": {"_type": "boxes2D", "sha256": "6555ed3982d0d92aeaa9aa22e1b11413877bee51c14c396055d52946ca8c69a9", "size": 19359, "path": "media/metadata/boxes2D/BoundingBoxDebugger_49_6555ed3982d0d92aeaa9.boxes2D.json"}}, {"predictions": {"_type": "boxes2D", "sha256": "a3692d8c4e79cfeff243be1d50d8c14715f5059f2326618cebe9f01a5f35b7fd", "size": 12781, "path": "media/metadata/boxes2D/BoundingBoxDebugger_49_a3692d8c4e79cfeff243.boxes2D.json"}}, {"predictions": {"_type": "boxes2D", "sha256": "a0e460e3d6a64327714429871b8537520f5f5f6a14810ecda6b8026be159a83f", "size": 23659, "path": "media/metadata/boxes2D/BoundingBoxDebugger_49_a0e460e3d6a643277144.boxes2D.json"}}, {"predictions": {"_type": "boxes2D", "sha256": "9f9af1f0cec2198f6d5bc0a827506f56dd288064566c78321b381637382e49fb", "size": 28235, "path": "media/metadata/boxes2D/BoundingBoxDebugger_49_9f9af1f0cec2198f6d5b.boxes2D.json"}}, {"predictions": {"_type": "boxes2D", "sha256": "271efad76e6fd13c5886b0bc3ac9f80ccbd1e0e670ba4cbf379297e828d70edd", "size": 26853, "path": "media/metadata/boxes2D/BoundingBoxDebugger_49_271efad76e6fd13c5886.boxes2D.json"}}, {"predictions": {"_type": "boxes2D", "sha256": "c711c9887bde54f18e372efd0613868002c9c36a105c1c83983c81cf44361ce7", "size": 48426, "path": "media/metadata/boxes2D/BoundingBoxDebugger_49_c711c9887bde54f18e37.boxes2D.json"}}, {"predictions": {"_type": "boxes2D", "sha256": "35edfd24d04cdb531605e23634a9014b52c07b5230f7c7030cfe5e1dcf10de67", "size": 6325, "path": "media/metadata/boxes2D/BoundingBoxDebugger_49_35edfd24d04cdb531605.boxes2D.json"}}]}, "Validation": {"_type": "images/separated", "width": 1920, "height": 1920, "format": "jpg", "count": 2, "filenames": ["media/images/Validation_50_7d28d33988cb9ebc6eb5.jpg", "media/images/Validation_50_e8da74fa1477f943bf68.jpg"], "captions": ["val_batch0_labels.jpg", "val_batch0_pred.jpg"]}, "Results": {"_type": "images/separated", "width": 2400, "height": 1200, "format": "png", "count": 6, "filenames": ["media/images/Results_50_95b1d3c416ef88f0be25.png", "media/images/Results_50_a63f4d5e09d6083b3e62.png", "media/images/Results_50_be49394f4c18c9e912e1.png", "media/images/Results_50_a5b3836c45d5e0f1e4ac.png", "media/images/Results_50_9660921d1a23a0041570.png", "media/images/Results_50_db60e20805e2a4e0e2c3.png"], "captions": ["results.png", "confusion_matrix.png", "F1_curve.png", "PR_curve.png", "P_curve.png", "R_curve.png"]}, "_wandb": {"runtime": 2569}}