{"best/epoch": 0, "best/precision": 0.7053288196401015, "best/recall": 0.11970128455073692, "best/mAP_0.5": 0.09391510428821924, "best/mAP_0.5:0.95": 0.03108757556744749, "Labels": {"_type": "images/separated", "width": 2000, "height": 2000, "format": "jpg", "count": 2, "filenames": ["media/images/Labels_0_d1baa4a0073f58f32ef2.jpg", "media/images/Labels_0_6cb0ea475102614efa49.jpg"], "captions": ["labels_correlogram.jpg", "labels.jpg"]}, "Mosaics": {"_type": "images/separated", "width": 1920, "height": 1920, "format": "jpg", "count": 3, "filenames": ["media/images/Mosaics_0_8c1cf314287d95fc7bdc.jpg", "media/images/Mosaics_0_3c9aaa8d7c2358d4c20a.jpg", "media/images/Mosaics_0_f88e8c572aedb8e09f02.jpg"], "captions": ["train_batch0.jpg", "train_batch1.jpg", "train_batch2.jpg"]}, "train/box_loss": 0.08722233772277832, "train/obj_loss": 0.06221647933125496, "train/cls_loss": 0.05634045973420143, "metrics/precision": 0.7053288196401015, "metrics/recall": 0.11970128455073692, "metrics/mAP_0.5": 0.09391510428821924, "metrics/mAP_0.5:0.95": 0.03108757556744749, "val/box_loss": 0.09450015425682068, "val/obj_loss": 0.050813645124435425, "val/cls_loss": 0.06627926230430603, "x/lr0": 0.0033055555555555555, "x/lr1": 0.0033055555555555555, "x/lr2": 0.07025, "_timestamp": 1656089735, "_runtime": 1827, "_step": 0}