{"best/epoch": 9, "best/precision": 0.7764127533284628, "best/recall": 0.13839285714285715, "best/mAP_0.5": 0.1477256354491822, "best/mAP_0.5:0.95": 0.07004909730751743, "Labels": {"_type": "images/separated", "width": 2000, "height": 2000, "format": "jpg", "count": 2, "filenames": ["media/images/Labels_0_d1baa4a0073f58f32ef2.jpg", "media/images/Labels_0_6cb0ea475102614efa49.jpg"], "captions": ["labels_correlogram.jpg", "labels.jpg"]}, "Mosaics": {"_type": "images/separated", "width": 1920, "height": 1920, "format": "jpg", "count": 3, "filenames": ["media/images/Mosaics_0_8c1cf314287d95fc7bdc.jpg", "media/images/Mosaics_0_3c9aaa8d7c2358d4c20a.jpg", "media/images/Mosaics_0_f88e8c572aedb8e09f02.jpg"], "captions": ["train_batch0.jpg", "train_batch1.jpg", "train_batch2.jpg"]}, "train/box_loss": 0.03121813014149666, "train/obj_loss": 0.03183318302035332, "train/cls_loss": 0.0031583544332534075, "metrics/precision": 0.6897091339092176, "metrics/recall": 0.05228934144004399, "metrics/mAP_0.5": 0.0507984825297092, "metrics/mAP_0.5:0.95": 0.018526507821495165, "val/box_loss": 0.07552705705165863, "val/obj_loss": 0.08308985829353333, "val/cls_loss": 0.04119974002242088, "x/lr0": 0.009043, "x/lr1": 0.009043, "x/lr2": 0.009043, "_timestamp": 1657249996, "_runtime": 135292, "_step": 30, "BoundingBoxDebugger": {"_type": "images/separated", "width": 672, "height": 384, "format": "png", "count": 16, "filenames": ["media/images/BoundingBoxDebugger_29_ac38282b965fdfbe4f82.png", "media/images/BoundingBoxDebugger_29_3180746962be6df5e0d3.png", "media/images/BoundingBoxDebugger_29_bec2a705d936b783c236.png", "media/images/BoundingBoxDebugger_29_43623580f4e88fd0f169.png", "media/images/BoundingBoxDebugger_29_731dfba892f251476c4f.png", "media/images/BoundingBoxDebugger_29_fa5932e1a73e57744984.png", "media/images/BoundingBoxDebugger_29_f733636c3b33258ba4f2.png", "media/images/BoundingBoxDebugger_29_2b3fb50d9e72dc357d24.png", "media/images/BoundingBoxDebugger_29_0fdcf60e76b96c2eaec8.png", "media/images/BoundingBoxDebugger_29_0cf4257f9582df6b0a10.png", "media/images/BoundingBoxDebugger_29_64834d91681bbc1be6b1.png", "media/images/BoundingBoxDebugger_29_613b88a548954dedfaff.png", "media/images/BoundingBoxDebugger_29_5b08bc4f2f9c8979bd1e.png", "media/images/BoundingBoxDebugger_29_e19469955bf7dda60519.png", "media/images/BoundingBoxDebugger_29_78aabee763099549996f.png", "media/images/BoundingBoxDebugger_29_a193f8f590aed4e4e28c.png"], "captions": ["LTAProject005_151.jpg", "LTAProject005_457.jpg", "LTAProject005_456.jpg", "LTAProject005_455.jpg", "LTAProject005_454.jpg", "LTAProject005_453.jpg", "LTAProject005_452.jpg", "LTAProject005_451.jpg", "LTAProject005_450.jpg", "LTAProject005_449.jpg", "LTAProject005_448.jpg", "LTAProject005_447.jpg", "LTAProject005_458.jpg", "LTAProject005_446.jpg", "LTAProject005_444.jpg", "LTAProject005_443.jpg"], "all_boxes": [{"predictions": {"_type": "boxes2D", "sha256": "bf8b5a792426d6e788313d2cfea01efb52f08f0a37a26629e2f2ef9c5dfbc46f", "size": 3656, "path": "media/metadata/boxes2D/BoundingBoxDebugger_29_bf8b5a792426d6e78831.boxes2D.json"}}, {"predictions": {"_type": "boxes2D", "sha256": "9bda48621c2b3142957e3eb9f85d7edaa3b52076eb09a76317011f03f39f3c84", "size": 4171, "path": "media/metadata/boxes2D/BoundingBoxDebugger_29_9bda48621c2b3142957e.boxes2D.json"}}, {"predictions": {"_type": "boxes2D", "sha256": "abb0bbeb1702f8ddbdde78d39f70737935bbb724ba672df54b5cdf7cc023a1bd", "size": 4898, "path": "media/metadata/boxes2D/BoundingBoxDebugger_29_abb0bbeb1702f8ddbdde.boxes2D.json"}}, {"predictions": {"_type": "boxes2D", "sha256": "bc86e785f1bc80f33fea1672314acd4202e7531665905d4a7f6a0b6adc56c0df", "size": 4669, "path": "media/metadata/boxes2D/BoundingBoxDebugger_29_bc86e785f1bc80f33fea.boxes2D.json"}}, {"predictions": {"_type": "boxes2D", "sha256": "fd9a0bcf3b62f0b437ac32bc441801d3c508057ee082bdd9babec62d10530c15", "size": 4660, "path": "media/metadata/boxes2D/BoundingBoxDebugger_29_fd9a0bcf3b62f0b437ac.boxes2D.json"}}, {"predictions": {"_type": "boxes2D", "sha256": "c0bf5cd5647702ada7741de8bc925969a52c1dd1edd57f7d67945346920a39cc", "size": 4935, "path": "media/metadata/boxes2D/BoundingBoxDebugger_29_c0bf5cd5647702ada774.boxes2D.json"}}, {"predictions": {"_type": "boxes2D", "sha256": "6069565e0ad3b61ac4b04c9ead310e4561913e0c1014a4f15f4a1b9799a136d0", "size": 7130, "path": "media/metadata/boxes2D/BoundingBoxDebugger_29_6069565e0ad3b61ac4b0.boxes2D.json"}}, {"predictions": {"_type": "boxes2D", "sha256": "9ee93d252cfdbc3a7e09eedc1a03307398dd259b1fc82c898c202d19e1aec0e3", "size": 4422, "path": "media/metadata/boxes2D/BoundingBoxDebugger_29_9ee93d252cfdbc3a7e09.boxes2D.json"}}, {"predictions": {"_type": "boxes2D", "sha256": "1a6342e0cb80d24ad2d6606ea2bb1dd897e1cbe3895f2c4683878e2bf0cad35d", "size": 4430, "path": "media/metadata/boxes2D/BoundingBoxDebugger_29_1a6342e0cb80d24ad2d6.boxes2D.json"}}, {"predictions": {"_type": "boxes2D", "sha256": "7b153a0b0473a1812a6bd0a0a04d519a07ea571fe2578d3a72d45d4af952cbc6", "size": 4665, "path": "media/metadata/boxes2D/BoundingBoxDebugger_29_7b153a0b0473a1812a6b.boxes2D.json"}}, {"predictions": {"_type": "boxes2D", "sha256": "8e7722d78f698706f06f853b2c292706ffbbda835e89b63833fdae50498fc52b", "size": 4186, "path": "media/metadata/boxes2D/BoundingBoxDebugger_29_8e7722d78f698706f06f.boxes2D.json"}}, {"predictions": {"_type": "boxes2D", "sha256": "4e92a95ed5557722f050f34a20526edbf7d40f13db879d492ef4b7567c2fd4ab", "size": 5435, "path": "media/metadata/boxes2D/BoundingBoxDebugger_29_4e92a95ed5557722f050.boxes2D.json"}}, {"predictions": {"_type": "boxes2D", "sha256": "51d7a19ec348923820c1d0c5df25410f71887028df734b4bfdc4dae1be36df15", "size": 5147, "path": "media/metadata/boxes2D/BoundingBoxDebugger_29_51d7a19ec348923820c1.boxes2D.json"}}, {"predictions": {"_type": "boxes2D", "sha256": "b0980b752cf8c007fa5833652ba385d10d23ab6fe4e9d4a118cbca9500187b4a", "size": 4920, "path": "media/metadata/boxes2D/BoundingBoxDebugger_29_b0980b752cf8c007fa58.boxes2D.json"}}, {"predictions": {"_type": "boxes2D", "sha256": "99c63b5f2747a0b3a8e410bbb0689d9af54cac0dea972a642b7a8b212c5eb6fc", "size": 5898, "path": "media/metadata/boxes2D/BoundingBoxDebugger_29_99c63b5f2747a0b3a8e4.boxes2D.json"}}, {"predictions": {"_type": "boxes2D", "sha256": "1446bb52aa6b0cf47c3e52af130b4c777b1ad7121327321db2efb5d8ec756a64", "size": 9091, "path": "media/metadata/boxes2D/BoundingBoxDebugger_29_1446bb52aa6b0cf47c3e.boxes2D.json"}}]}}