{"_runtime": 80301, "val/obj_loss": 0.1056814342737198, "metrics/precision": 0.9614275651438602, "metrics/mAP_0.5:0.95": 0.0739530398894134, "val/box_loss": 0.06132473796606064, "best/mAP_0.5": 0.2638920145838023, "best/precision": 0.9638271225859136, "x/lr1": 0.009835, "metrics/recall": 0.14012456137777102, "_step": 6, "_timestamp": 1656086420, "val/cls_loss": 0.037494659423828125, "Labels": {"captions": ["labels_correlogram.jpg", "labels.jpg"], "count": 2, "filenames": ["media/images/Labels_4_d1baa4a0073f58f32ef2.jpg", "media/images/Labels_4_6cb0ea475102614efa49.jpg"], "format": "jpg", "_type": "images/separated", "height": 2000, "width": 2000}, "best/mAP_0.5:0.95": 0.12029783871129462, "Mosaics": {"_type": "images/separated", "captions": ["train_batch0.jpg", "train_batch1.jpg", "train_batch2.jpg"], "count": 3, "filenames": ["media/images/Mosaics_0_3edbcb77e9b0d13beaa6.jpg", "media/images/Mosaics_0_e9b72acd2c46ff16ca8f.jpg", "media/images/Mosaics_0_2b67ac652dc811264279.jpg"], "format": "jpg", "height": 1920, "width": 1920}, "best/epoch": 4, "train/box_loss": 0.03692244365811348, "train/obj_loss": 0.03387320786714554, "metrics/mAP_0.5": 0.15312676851401347, "x/lr2": 0.009835, "train/cls_loss": 0.00593831529840827, "best/recall": 0.1508928571428571, "x/lr0": 0.009835}