{"Labels": {"_type": "images/separated", "width": 2000, "height": 2000, "format": "jpg", "count": 2, "filenames": ["media/images/Labels_17_d1baa4a0073f58f32ef2.jpg", "media/images/Labels_17_6cb0ea475102614efa49.jpg"], "captions": ["labels_correlogram.jpg", "labels.jpg"]}, "_runtime": 96423, "best/epoch": 9, "train/cls_loss": 0.0025246492587029934, "train/obj_loss": 0.03110332600772381, "metrics/mAP_0.5:0.95": 0.007419268659124764, "val/cls_loss": 0.05125805363059044, "best/mAP_0.5:0.95": 0.07004909730751743, "x/lr0": 0.008647, "val/obj_loss": 0.09504757076501846, "val/box_loss": 0.07397157698869705, "_step": 28, "metrics/recall": 0.10416666666666666, "metrics/mAP_0.5": 0.023489700162936323, "best/recall": 0.13839285714285715, "x/lr1": 0.008647, "x/lr2": 0.008647, "Mosaics": {"captions": ["train_batch0.jpg", "train_batch1.jpg", "train_batch2.jpg"], "count": 3, "filenames": ["media/images/Mosaics_0_8c1cf314287d95fc7bdc.jpg", "media/images/Mosaics_0_3c9aaa8d7c2358d4c20a.jpg", "media/images/Mosaics_0_f88e8c572aedb8e09f02.jpg"], "format": "jpg", "_type": "images/separated", "height": 1920, "width": 1920}, "_timestamp": 1657419446, "train/box_loss": 0.029533321037888527, "best/precision": 0.7764127533284628, "metrics/precision": 0.029229251452528603, "best/mAP_0.5": 0.1477256354491822}