{"best/recall": 0.14103814211479018, "_step": 17, "x/lr1": 0.009472000000000001, "train/obj_loss": 0.03427267074584961, "metrics/mAP_0.5:0.95": 0.033808200700548255, "train/box_loss": 0.033727653324604034, "Mosaics": {"captions": ["train_batch0.jpg", "train_batch1.jpg", "train_batch2.jpg"], "count": 3, "filenames": ["media/images/Mosaics_0_8c1cf314287d95fc7bdc.jpg", "media/images/Mosaics_0_3c9aaa8d7c2358d4c20a.jpg", "media/images/Mosaics_0_f88e8c572aedb8e09f02.jpg"], "format": "jpg", "_type": "images/separated", "height": 1920, "width": 1920}, "_timestamp": 1656165771, "x/lr0": 0.009472000000000001, "best/epoch": 7, "metrics/mAP_0.5": 0.08838115191529576, "best/mAP_0.5": 0.14924089384765496, "metrics/recall": 0.0763392857142857, "best/mAP_0.5:0.95": 0.06640447266283919, "train/cls_loss": 0.003950505517423153, "val/obj_loss": 0.09678509831428528, "_runtime": 52796, "val/box_loss": 0.0768372043967247, "val/cls_loss": 0.030999107286334038, "x/lr2": 0.009472000000000001, "metrics/precision": 0.9372349361980021, "Labels": {"_type": "images/separated", "width": 2000, "height": 2000, "format": "jpg", "count": 2, "filenames": ["media/images/Labels_1_d1baa4a0073f58f32ef2.jpg", "media/images/Labels_1_6cb0ea475102614efa49.jpg"], "captions": ["labels_correlogram.jpg", "labels.jpg"]}, "best/precision": 0.9667480596602577}