{"best/epoch": 1, "best/precision": 0.8696715345177808, "best/recall": 0.12098214285714286, "best/mAP_0.5": 0.19418191210752586, "best/mAP_0.5:0.95": 0.07223623004169667, "Labels": {"_type": "images/separated", "width": 2000, "height": 2000, "format": "jpg", "count": 2, "filenames": ["media/images/Labels_0_d1baa4a0073f58f32ef2.jpg", "media/images/Labels_0_6cb0ea475102614efa49.jpg"], "captions": ["labels_correlogram.jpg", "labels.jpg"]}, "Mosaics": {"_type": "images/separated", "width": 1920, "height": 1920, "format": "jpg", "count": 3, "filenames": ["media/images/Mosaics_0_3edbcb77e9b0d13beaa6.jpg", "media/images/Mosaics_0_e9b72acd2c46ff16ca8f.jpg", "media/images/Mosaics_0_2b67ac652dc811264279.jpg"], "captions": ["train_batch0.jpg", "train_batch1.jpg", "train_batch2.jpg"]}, "train/box_loss": 0.05448479950428009, "train/obj_loss": 0.038560885936021805, "train/cls_loss": 0.011023927479982376, "metrics/precision": 0.9105413663847889, "metrics/recall": 0.1392857142857143, "metrics/mAP_0.5": 0.14932993638039743, "metrics/mAP_0.5:0.95": 0.06740394871499698, "val/box_loss": 0.06141868233680725, "val/obj_loss": 0.07390251010656357, "val/cls_loss": 0.030083518475294113, "x/lr0": 0.009906405555555555, "x/lr1": 0.009906405555555555, "x/lr2": 0.010184183333333333, "_timestamp": 1655942366, "_runtime": 33890, "_step": 2}