{"best/epoch": 19, "best/precision": 0.79492401067603, "best/recall": 0.7237796865384436, "best/mAP_0.5": 0.7763983417962552, "best/mAP_0.5:0.95": 0.43991500560813807, "Labels": {"_type": "images/separated", "width": 2000, "height": 2000, "format": "jpg", "count": 2, "filenames": ["media/images/Labels_0_09baccced4ac547b09e7.jpg", "media/images/Labels_0_a3309d2300767a0e11ba.jpg"], "captions": ["labels_correlogram.jpg", "labels.jpg"]}, "train/box_loss": 0.05428797006607056, "train/obj_loss": 0.021018965169787407, "train/cls_loss": 0.00767453433945775, "metrics/precision": 0.7947347970219969, "metrics/recall": 0.7238149475327832, "metrics/mAP_0.5": 0.7763992799164067, "metrics/mAP_0.5:0.95": 0.4399397498737655, "val/box_loss": 0.03075949288904667, "val/obj_loss": 0.012097607366740704, "val/cls_loss": 0.007190211210399866, "x/lr0": 0.0010899999999999998, "x/lr1": 0.0010899999999999998, "x/lr2": 0.0010899999999999998, "_timestamp": 1655826586, "_runtime": 458, "_step": 20, "Mosaics": {"_type": "images/separated", "width": 1920, "height": 1920, "format": "jpg", "count": 3, "filenames": ["media/images/Mosaics_1_de8c8edcc00aaf4f94ac.jpg", "media/images/Mosaics_1_3a1a71fcd7bc3698a881.jpg", "media/images/Mosaics_1_11cfabf3c8f864cbc135.jpg"], "captions": ["train_batch0.jpg", "train_batch1.jpg", "train_batch2.jpg"]}, "BoundingBoxDebugger": {"_type": "images/separated", "width": 672, "height": 672, "format": "png", "count": 10, "filenames": ["media/images/BoundingBoxDebugger_19_2392499cee9c09421304.png", "media/images/BoundingBoxDebugger_19_905810ade4586e9632b1.png", "media/images/BoundingBoxDebugger_19_6e0b5b624899c24f9b08.png", "media/images/BoundingBoxDebugger_19_c970173158c01d57a14b.png", "media/images/BoundingBoxDebugger_19_49ef8e4b11f7b2b7580a.png", "media/images/BoundingBoxDebugger_19_90606de3a81ce152af47.png", "media/images/BoundingBoxDebugger_19_ef9ac87dd020afc9d1a9.png", "media/images/BoundingBoxDebugger_19_677df45fb32debce009e.png", "media/images/BoundingBoxDebugger_19_dbc325631fc973e47b5d.png", "media/images/BoundingBoxDebugger_19_f9b4a43490988e0c632a.png"], "captions": ["19_crane_{c6921034-6681-46d4-adf5-0c737be7bad6}.jpg", "19_crane_{c9ad8852-0b13-4f31-8d51-a9f491f667e8}.jpg", "19_crane_{cd72dbd1-a7e0-44e5-8ccc-4e8f5ad649cf}.jpg", "19_crane_{cd8da71a-8864-42ae-bbe8-39ebea632683}.jpg", "4_person_2007_002611.jpg", "4_person_2007_002624.jpg", "4_person_2007_002639.jpg", "4_person_2007_002643.jpg", "4_person_2007_002668.jpg", "19_crane_{cac9607b-61ca-480c-b461-689393c66817}.jpg"], "all_boxes": [{"predictions": {"_type": "boxes2D", "sha256": "a7d580d4c4e873c2e958161377356a39399cfd0f5699dd4891f6fb76f72b11b7", "size": 64450, "path": "media/metadata/boxes2D/BoundingBoxDebugger_19_a7d580d4c4e873c2e958.boxes2D.json"}}, {"predictions": {"_type": "boxes2D", "sha256": "aff72cac6b430555f81bc186e5ba42bb33027d03d1f58b130fbc1e63e60aa38f", "size": 43151, "path": "media/metadata/boxes2D/BoundingBoxDebugger_19_aff72cac6b430555f81b.boxes2D.json"}}, {"predictions": {"_type": "boxes2D", "sha256": "8cc9e4b2779d37563fa226b97c7eff27ec7085599bb16705011382d7d61b9481", "size": 71704, "path": "media/metadata/boxes2D/BoundingBoxDebugger_19_8cc9e4b2779d37563fa2.boxes2D.json"}}, {"predictions": {"_type": "boxes2D", "sha256": "cc86e72c7e0ccb85955bdf84cb8c114f524fc031e7f1f5783c94fc3b308a1e59", "size": 45368, "path": "media/metadata/boxes2D/BoundingBoxDebugger_19_cc86e72c7e0ccb85955b.boxes2D.json"}}, {"predictions": {"_type": "boxes2D", "sha256": "5461140a3db649fc3b3c75026c0a6573fcf0d0702305068c5152c5201964e8f9", "size": 42493, "path": "media/metadata/boxes2D/BoundingBoxDebugger_19_5461140a3db649fc3b3c.boxes2D.json"}}, {"predictions": {"_type": "boxes2D", "sha256": "2eb49fae8cbf1a4367208ae156204518ea03243d399d9c11dd3f46f437984bb9", "size": 57460, "path": "media/metadata/boxes2D/BoundingBoxDebugger_19_2eb49fae8cbf1a436720.boxes2D.json"}}, {"predictions": {"_type": "boxes2D", "sha256": "339f22eb4cb95a3d905ad0093cdd867bb8992231559fb937a925ada18fffe457", "size": 68846, "path": "media/metadata/boxes2D/BoundingBoxDebugger_19_339f22eb4cb95a3d905a.boxes2D.json"}}, {"predictions": {"_type": "boxes2D", "sha256": "a076db92835f5d997e804b3e95f6532f1035a872d0bd19fb45929ddaf35c983b", "size": 67869, "path": "media/metadata/boxes2D/BoundingBoxDebugger_19_a076db92835f5d997e80.boxes2D.json"}}, {"predictions": {"_type": "boxes2D", "sha256": "e64cb8cec54650094bd6b571486d2600a4490636886913ffe97a24a2b6a6f010", "size": 71186, "path": "media/metadata/boxes2D/BoundingBoxDebugger_19_e64cb8cec54650094bd6.boxes2D.json"}}, {"predictions": {"_type": "boxes2D", "sha256": "d1a92f6a914a43a3432866b86d716b38969fc8d57b656190e7a49ecd4e245e1c", "size": 17655, "path": "media/metadata/boxes2D/BoundingBoxDebugger_19_d1a92f6a914a43a34328.boxes2D.json"}}]}, "Validation": {"_type": "images/separated", "width": 1920, "height": 1920, "format": "jpg", "count": 2, "filenames": ["media/images/Validation_20_51aaf67cc84c7fa81e09.jpg", "media/images/Validation_20_6029f144e007e6bf2c75.jpg"], "captions": ["val_batch0_labels.jpg", "val_batch0_pred.jpg"]}, "Results": {"_type": "images/separated", "width": 2400, "height": 1200, "format": "png", "count": 6, "filenames": ["media/images/Results_20_fd166a9f4add1096ef59.png", "media/images/Results_20_99d73423eb6f325c0459.png", "media/images/Results_20_1b0cd2a29683a2688ae7.png", "media/images/Results_20_eb7fa086f3c27dd51954.png", "media/images/Results_20_40d2bb941d96da833f0e.png", "media/images/Results_20_c1ed1dc19d85c0226e9c.png"], "captions": ["results.png", "confusion_matrix.png", "F1_curve.png", "PR_curve.png", "P_curve.png", "R_curve.png"]}, "_wandb": {"runtime": 458}}